runtime [s];input file;run configuration;exit code;timeout
2.8710405600013473;../arp-plugin/performance/test/quantifiers1_arp_enc.sil;silicon;1;False
2.2192308100002265;../arp-plugin/performance/test/quantifiers1_arp_enc.sil;silicon;1;False
1.9193187609998859;../arp-plugin/performance/test/quantifiers1_arp_enc.sil;silicon;1;False
1.9197992839999642;../arp-plugin/performance/test/quantifiers1_arp_enc.sil;silicon;1;False
1.8688577760003682;../arp-plugin/performance/test/quantifiers1_arp_enc.sil;silicon;1;False
1.8690023990002373;../arp-plugin/performance/test/quantifiers1_arp_enc.sil;silicon;1;False
1.719066252999255;../arp-plugin/performance/test/quantifiers1_arp_enc.sil;silicon;1;False
1.718369932999849;../arp-plugin/performance/test/quantifiers1_arp_enc.sil;silicon;1;False
1.6687485689999448;../arp-plugin/performance/test/quantifiers1_arp_enc.sil;silicon;1;False
1.7196850780001114;../arp-plugin/performance/test/quantifiers1_arp_enc.sil;silicon;1;False
1.6690567090008699;../arp-plugin/performance/test/quantifiers1_arp_enc.sil;silicon;1;False
1.6685190389998752;../arp-plugin/performance/test/quantifiers1_arp_enc.sil;silicon;1;False
1.6693225630006054;../arp-plugin/performance/test/quantifiers1_arp_enc.sil;silicon;1;False
1.6691234200006875;../arp-plugin/performance/test/quantifiers1_arp_enc.sil;silicon;1;False
1.676522613999623;../arp-plugin/performance/test/quantifiers1_arp_enc.sil;silicon;1;False
1.6682117279997328;../arp-plugin/performance/test/quantifiers1_arp_enc.sil;silicon;1;False
1.668256373000986;../arp-plugin/performance/test/quantifiers1_arp_enc.sil;silicon;1;False
1.6182869719996233;../arp-plugin/performance/test/quantifiers1_arp_enc.sil;silicon;1;False
1.6685760420004954;../arp-plugin/performance/test/quantifiers1_arp_enc.sil;silicon;1;False
1.6257414739993692;../arp-plugin/performance/test/quantifiers1_arp_enc.sil;silicon;1;False
7.484331256999212;../arp-plugin/performance/test/quantifiers1_arp_enc.sil;carbon;1;False
6.333911948000605;../arp-plugin/performance/test/quantifiers1_arp_enc.sil;carbon;1;False
5.679070967000371;../arp-plugin/performance/test/quantifiers1_arp_enc.sil;carbon;1;False
5.47982367700024;../arp-plugin/performance/test/quantifiers1_arp_enc.sil;carbon;1;False
5.9304915869997785;../arp-plugin/performance/test/quantifiers1_arp_enc.sil;carbon;1;False
5.831251091000013;../arp-plugin/performance/test/quantifiers1_arp_enc.sil;carbon;1;False
5.832004607000272;../arp-plugin/performance/test/quantifiers1_arp_enc.sil;carbon;1;False
6.3323888319991966;../arp-plugin/performance/test/quantifiers1_arp_enc.sil;carbon;1;False
5.8320477249999385;../arp-plugin/performance/test/quantifiers1_arp_enc.sil;carbon;1;False
5.729959030999453;../arp-plugin/performance/test/quantifiers1_arp_enc.sil;carbon;1;False
5.278249774000869;../arp-plugin/performance/test/quantifiers1_arp_enc.sil;carbon;1;False
5.285297443999298;../arp-plugin/performance/test/quantifiers1_arp_enc.sil;carbon;1;False
5.229574076998688;../arp-plugin/performance/test/quantifiers1_arp_enc.sil;carbon;1;False
5.227656716999263;../arp-plugin/performance/test/quantifiers1_arp_enc.sil;carbon;1;False
5.781620028001271;../arp-plugin/performance/test/quantifiers1_arp_enc.sil;carbon;1;False
5.290173741999752;../arp-plugin/performance/test/quantifiers1_arp_enc.sil;carbon;1;False
5.32890653100003;../arp-plugin/performance/test/quantifiers1_arp_enc.sil;carbon;1;False
5.742027237000002;../arp-plugin/performance/test/quantifiers1_arp_enc.sil;carbon;1;False
5.237237072999051;../arp-plugin/performance/test/quantifiers1_arp_enc.sil;carbon;1;False
5.7347728479999205;../arp-plugin/performance/test/quantifiers1_arp_enc.sil;carbon;1;False
14.457846220999272;../arp-plugin/performance/test/predicates2_enc.sil;silicon;0;False
13.293940707999354;../arp-plugin/performance/test/predicates2_enc.sil;silicon;0;False
12.443587715000831;../arp-plugin/performance/test/predicates2_enc.sil;silicon;0;False
12.902596971000094;../arp-plugin/performance/test/predicates2_enc.sil;silicon;0;False
12.742622126001152;../arp-plugin/performance/test/predicates2_enc.sil;silicon;0;False
12.141065648998847;../arp-plugin/performance/test/predicates2_enc.sil;silicon;0;False
12.642826498999057;../arp-plugin/performance/test/predicates2_enc.sil;silicon;0;False
12.142925191999893;../arp-plugin/performance/test/predicates2_enc.sil;silicon;0;False
12.590909151000233;../arp-plugin/performance/test/predicates2_enc.sil;silicon;0;False
12.309377206000136;../arp-plugin/performance/test/predicates2_enc.sil;silicon;0;False
11.942229072001282;../arp-plugin/performance/test/predicates2_enc.sil;silicon;0;False
12.993573214998833;../arp-plugin/performance/test/predicates2_enc.sil;silicon;0;False
12.110133517000577;../arp-plugin/performance/test/predicates2_enc.sil;silicon;0;False
12.142111472001488;../arp-plugin/performance/test/predicates2_enc.sil;silicon;0;False
12.552960621000238;../arp-plugin/performance/test/predicates2_enc.sil;silicon;0;False
12.05116572499901;../arp-plugin/performance/test/predicates2_enc.sil;silicon;0;False
12.040914437000538;../arp-plugin/performance/test/predicates2_enc.sil;silicon;0;False
11.943384279999009;../arp-plugin/performance/test/predicates2_enc.sil;silicon;0;False
12.609711197999786;../arp-plugin/performance/test/predicates2_enc.sil;silicon;0;False
11.94862445599938;../arp-plugin/performance/test/predicates2_enc.sil;silicon;0;False
16.303298868999264;../arp-plugin/performance/test/predicates2_enc.sil;carbon;0;False
15.260580198000753;../arp-plugin/performance/test/predicates2_enc.sil;carbon;0;False
14.853022840999984;../arp-plugin/performance/test/predicates2_enc.sil;carbon;0;False
15.600721668000915;../arp-plugin/performance/test/predicates2_enc.sil;carbon;0;False
14.548768774000564;../arp-plugin/performance/test/predicates2_enc.sil;carbon;0;False
14.557147947998601;../arp-plugin/performance/test/predicates2_enc.sil;carbon;0;False
14.697521637999671;../arp-plugin/performance/test/predicates2_enc.sil;carbon;0;False
14.399035087000811;../arp-plugin/performance/test/predicates2_enc.sil;carbon;0;False
14.448168494998754;../arp-plugin/performance/test/predicates2_enc.sil;carbon;0;False
14.699737304001246;../arp-plugin/performance/test/predicates2_enc.sil;carbon;0;False
14.398468682000384;../arp-plugin/performance/test/predicates2_enc.sil;carbon;0;False
14.403301496000495;../arp-plugin/performance/test/predicates2_enc.sil;carbon;0;False
14.650440229001106;../arp-plugin/performance/test/predicates2_enc.sil;carbon;0;False
13.89650095899924;../arp-plugin/performance/test/predicates2_enc.sil;carbon;0;False
14.90051433300141;../arp-plugin/performance/test/predicates2_enc.sil;carbon;0;False
14.399756797000009;../arp-plugin/performance/test/predicates2_enc.sil;carbon;0;False
14.699298369001554;../arp-plugin/performance/test/predicates2_enc.sil;carbon;0;False
14.29788976800046;../arp-plugin/performance/test/predicates2_enc.sil;carbon;0;False
14.346369094000693;../arp-plugin/performance/test/predicates2_enc.sil;carbon;0;False
14.756627844999457;../arp-plugin/performance/test/predicates2_enc.sil;carbon;0;False
0.7170489039999666;../arp-plugin/performance/test/fields1.sil;silicon;0;False
0.5158116830007202;../arp-plugin/performance/test/fields1.sil;silicon;0;False
0.41615617699972063;../arp-plugin/performance/test/fields1.sil;silicon;0;False
0.4153771320015949;../arp-plugin/performance/test/fields1.sil;silicon;0;False
0.4662344199987274;../arp-plugin/performance/test/fields1.sil;silicon;0;False
0.4159182700004749;../arp-plugin/performance/test/fields1.sil;silicon;0;False
0.4178314089986088;../arp-plugin/performance/test/fields1.sil;silicon;0;False
0.4161782820010558;../arp-plugin/performance/test/fields1.sil;silicon;0;False
0.3664325919999101;../arp-plugin/performance/test/fields1.sil;silicon;0;False
0.31994366299841204;../arp-plugin/performance/test/fields1.sil;silicon;0;False
0.31560230099967157;../arp-plugin/performance/test/fields1.sil;silicon;0;False
0.32141977100036456;../arp-plugin/performance/test/fields1.sil;silicon;0;False
0.3164602639990335;../arp-plugin/performance/test/fields1.sil;silicon;0;False
0.2649154720002116;../arp-plugin/performance/test/fields1.sil;silicon;0;False
0.3152954460001638;../arp-plugin/performance/test/fields1.sil;silicon;0;False
0.31551829900126904;../arp-plugin/performance/test/fields1.sil;silicon;0;False
0.31904995900003996;../arp-plugin/performance/test/fields1.sil;silicon;0;False
0.31634215299891366;../arp-plugin/performance/test/fields1.sil;silicon;0;False
0.26821060399925045;../arp-plugin/performance/test/fields1.sil;silicon;0;False
0.2654134710010112;../arp-plugin/performance/test/fields1.sil;silicon;0;False
8.133005604999198;../arp-plugin/performance/test/fields1.sil;carbon;0;False
7.832993901998634;../arp-plugin/performance/test/fields1.sil;carbon;0;False
7.934381318000305;../arp-plugin/performance/test/fields1.sil;carbon;0;False
7.832443190000049;../arp-plugin/performance/test/fields1.sil;carbon;0;False
7.832754256000044;../arp-plugin/performance/test/fields1.sil;carbon;0;False
7.681339836000916;../arp-plugin/performance/test/fields1.sil;carbon;0;False
7.782108191000589;../arp-plugin/performance/test/fields1.sil;carbon;0;False
7.732863526000074;../arp-plugin/performance/test/fields1.sil;carbon;0;False
7.732103376998566;../arp-plugin/performance/test/fields1.sil;carbon;0;False
7.732194218999211;../arp-plugin/performance/test/fields1.sil;carbon;0;False
7.633053559000473;../arp-plugin/performance/test/fields1.sil;carbon;0;False
7.733137626999451;../arp-plugin/performance/test/fields1.sil;carbon;0;False
7.683853806000116;../arp-plugin/performance/test/fields1.sil;carbon;0;False
7.7323491999995895;../arp-plugin/performance/test/fields1.sil;carbon;0;False
7.58170192399848;../arp-plugin/performance/test/fields1.sil;carbon;0;False
7.6335187340009725;../arp-plugin/performance/test/fields1.sil;carbon;0;False
7.633166193001671;../arp-plugin/performance/test/fields1.sil;carbon;0;False
7.6822789939997165;../arp-plugin/performance/test/fields1.sil;carbon;0;False
7.681937886000014;../arp-plugin/performance/test/fields1.sil;carbon;0;False
7.735826789999919;../arp-plugin/performance/test/fields1.sil;carbon;0;False
120.00335036099932;../arp-plugin/performance/test/quantifiers1_arps_enc.sil;silicon;-1;True
120.00339929099937;../arp-plugin/performance/test/quantifiers1_arps_enc.sil;silicon;-1;True
120.00507366000056;../arp-plugin/performance/test/quantifiers1_arps_enc.sil;silicon;-1;True
120.00474192199908;../arp-plugin/performance/test/quantifiers1_arps_enc.sil;silicon;-1;True
120.01541556499978;../arp-plugin/performance/test/quantifiers1_arps_enc.sil;silicon;-1;True
120.01865223599998;../arp-plugin/performance/test/quantifiers1_arps_enc.sil;silicon;-1;True
120.01458011600153;../arp-plugin/performance/test/quantifiers1_arps_enc.sil;silicon;-1;True
120.02275809399907;../arp-plugin/performance/test/quantifiers1_arps_enc.sil;silicon;-1;True
120.02425452900025;../arp-plugin/performance/test/quantifiers1_arps_enc.sil;silicon;-1;True
120.02978838499985;../arp-plugin/performance/test/quantifiers1_arps_enc.sil;silicon;-1;True
120.01865300400095;../arp-plugin/performance/test/quantifiers1_arps_enc.sil;silicon;-1;True
120.01542896199862;../arp-plugin/performance/test/quantifiers1_arps_enc.sil;silicon;-1;True
120.03002040899992;../arp-plugin/performance/test/quantifiers1_arps_enc.sil;silicon;-1;True
120.0271433930011;../arp-plugin/performance/test/quantifiers1_arps_enc.sil;silicon;-1;True
120.02192998999999;../arp-plugin/performance/test/quantifiers1_arps_enc.sil;silicon;-1;True
120.03030454399959;../arp-plugin/performance/test/quantifiers1_arps_enc.sil;silicon;-1;True
120.01431465300084;../arp-plugin/performance/test/quantifiers1_arps_enc.sil;silicon;-1;True
120.01633332900019;../arp-plugin/performance/test/quantifiers1_arps_enc.sil;silicon;-1;True
120.0302809069999;../arp-plugin/performance/test/quantifiers1_arps_enc.sil;silicon;-1;True
120.02140000600048;../arp-plugin/performance/test/quantifiers1_arps_enc.sil;silicon;-1;True
4.780192005000572;../arp-plugin/performance/test/quantifiers1_arps_enc.sil;carbon;0;False
4.829533205000189;../arp-plugin/performance/test/quantifiers1_arps_enc.sil;carbon;0;False
4.226574545000403;../arp-plugin/performance/test/quantifiers1_arps_enc.sil;carbon;0;False
4.728237540000919;../arp-plugin/performance/test/quantifiers1_arps_enc.sil;carbon;0;False
4.175099099000363;../arp-plugin/performance/test/quantifiers1_arps_enc.sil;carbon;0;False
4.075849752000067;../arp-plugin/performance/test/quantifiers1_arps_enc.sil;carbon;0;False
4.033726556999682;../arp-plugin/performance/test/quantifiers1_arps_enc.sil;carbon;0;False
4.5782308709985955;../arp-plugin/performance/test/quantifiers1_arps_enc.sil;carbon;0;False
4.0280413670006965;../arp-plugin/performance/test/quantifiers1_arps_enc.sil;carbon;0;False
4.027076967000539;../arp-plugin/performance/test/quantifiers1_arps_enc.sil;carbon;0;False
4.527701867998985;../arp-plugin/performance/test/quantifiers1_arps_enc.sil;carbon;0;False
4.030324608000228;../arp-plugin/performance/test/quantifiers1_arps_enc.sil;carbon;0;False
3.9845022480003536;../arp-plugin/performance/test/quantifiers1_arps_enc.sil;carbon;0;False
4.477408644999741;../arp-plugin/performance/test/quantifiers1_arps_enc.sil;carbon;0;False
3.976059206001082;../arp-plugin/performance/test/quantifiers1_arps_enc.sil;carbon;0;False
4.0303338110006734;../arp-plugin/performance/test/quantifiers1_arps_enc.sil;carbon;0;False
4.025646203001088;../arp-plugin/performance/test/quantifiers1_arps_enc.sil;carbon;0;False
3.976158535999275;../arp-plugin/performance/test/quantifiers1_arps_enc.sil;carbon;0;False
4.025842809000096;../arp-plugin/performance/test/quantifiers1_arps_enc.sil;carbon;0;False
3.9796371329994145;../arp-plugin/performance/test/quantifiers1_arps_enc.sil;carbon;0;False
0.7174498690001201;../arp-plugin/performance/test/predicates1_arps_enc.sil;silicon;0;False
0.5666103450002993;../arp-plugin/performance/test/predicates1_arps_enc.sil;silicon;0;False
0.5163559560005524;../arp-plugin/performance/test/predicates1_arps_enc.sil;silicon;0;False
0.5158389240004908;../arp-plugin/performance/test/predicates1_arps_enc.sil;silicon;0;False
0.41547240399995644;../arp-plugin/performance/test/predicates1_arps_enc.sil;silicon;0;False
0.46564619799937645;../arp-plugin/performance/test/predicates1_arps_enc.sil;silicon;0;False
0.41576240800168307;../arp-plugin/performance/test/predicates1_arps_enc.sil;silicon;0;False
0.41718248600045627;../arp-plugin/performance/test/predicates1_arps_enc.sil;silicon;0;False
0.3664888080002129;../arp-plugin/performance/test/predicates1_arps_enc.sil;silicon;0;False
0.3161091879992455;../arp-plugin/performance/test/predicates1_arps_enc.sil;silicon;0;False
0.36638587699962955;../arp-plugin/performance/test/predicates1_arps_enc.sil;silicon;0;False
0.31560325600003125;../arp-plugin/performance/test/predicates1_arps_enc.sil;silicon;0;False
0.3152950889998465;../arp-plugin/performance/test/predicates1_arps_enc.sil;silicon;0;False
0.31600882299972;../arp-plugin/performance/test/predicates1_arps_enc.sil;silicon;0;False
0.31629943500047375;../arp-plugin/performance/test/predicates1_arps_enc.sil;silicon;0;False
0.3662825299998076;../arp-plugin/performance/test/predicates1_arps_enc.sil;silicon;0;False
0.3186849659996369;../arp-plugin/performance/test/predicates1_arps_enc.sil;silicon;0;False
0.31648449399835954;../arp-plugin/performance/test/predicates1_arps_enc.sil;silicon;0;False
0.31702186400070786;../arp-plugin/performance/test/predicates1_arps_enc.sil;silicon;0;False
0.26516600099967036;../arp-plugin/performance/test/predicates1_arps_enc.sil;silicon;0;False
4.728956253000433;../arp-plugin/performance/test/predicates1_arps_enc.sil;carbon;0;False
4.076026155000363;../arp-plugin/performance/test/predicates1_arps_enc.sil;carbon;0;False
4.4776225259993225;../arp-plugin/performance/test/predicates1_arps_enc.sil;carbon;0;False
4.027161558000444;../arp-plugin/performance/test/predicates1_arps_enc.sil;carbon;0;False
4.428631173001122;../arp-plugin/performance/test/predicates1_arps_enc.sil;carbon;0;False
4.428445597999598;../arp-plugin/performance/test/predicates1_arps_enc.sil;carbon;0;False
3.8760500610005693;../arp-plugin/performance/test/predicates1_arps_enc.sil;carbon;0;False
4.426339714998903;../arp-plugin/performance/test/predicates1_arps_enc.sil;carbon;0;False
3.825681558000724;../arp-plugin/performance/test/predicates1_arps_enc.sil;carbon;0;False
3.878011863998836;../arp-plugin/performance/test/predicates1_arps_enc.sil;carbon;0;False
4.328339155999856;../arp-plugin/performance/test/predicates1_arps_enc.sil;carbon;0;False
4.3279902470003435;../arp-plugin/performance/test/predicates1_arps_enc.sil;carbon;0;False
4.376264859000003;../arp-plugin/performance/test/predicates1_arps_enc.sil;carbon;0;False
4.379078919999301;../arp-plugin/performance/test/predicates1_arps_enc.sil;carbon;0;False
4.327054301000317;../arp-plugin/performance/test/predicates1_arps_enc.sil;carbon;0;False
3.876642303999688;../arp-plugin/performance/test/predicates1_arps_enc.sil;carbon;0;False
3.8381101860013587;../arp-plugin/performance/test/predicates1_arps_enc.sil;carbon;0;False
4.327478337001594;../arp-plugin/performance/test/predicates1_arps_enc.sil;carbon;0;False
4.328887026000302;../arp-plugin/performance/test/predicates1_arps_enc.sil;carbon;0;False
3.8270212539991917;../arp-plugin/performance/test/predicates1_arps_enc.sil;carbon;0;False
4.47476177200042;../arp-plugin/performance/test/fields1_arp_enc.sil;silicon;1;False
2.671103755999866;../arp-plugin/performance/test/fields1_arp_enc.sil;silicon;1;False
3.2246084100006556;../arp-plugin/performance/test/fields1_arp_enc.sil;silicon;1;False
2.2200865980012168;../arp-plugin/performance/test/fields1_arp_enc.sil;silicon;1;False
3.4722373519998655;../arp-plugin/performance/test/fields1_arp_enc.sil;silicon;1;False
5.477458162999028;../arp-plugin/performance/test/fields1_arp_enc.sil;silicon;1;False
5.877603638000437;../arp-plugin/performance/test/fields1_arp_enc.sil;silicon;1;False
3.6735045189998345;../arp-plugin/performance/test/fields1_arp_enc.sil;silicon;1;False
4.574331215000711;../arp-plugin/performance/test/fields1_arp_enc.sil;silicon;1;False
6.3389095879992965;../arp-plugin/performance/test/fields1_arp_enc.sil;silicon;1;False
5.226875786000164;../arp-plugin/performance/test/fields1_arp_enc.sil;silicon;1;False
9.234059353999328;../arp-plugin/performance/test/fields1_arp_enc.sil;silicon;1;False
3.6734265650011366;../arp-plugin/performance/test/fields1_arp_enc.sil;silicon;1;False
5.27697589699892;../arp-plugin/performance/test/fields1_arp_enc.sil;silicon;1;False
7.080737598000269;../arp-plugin/performance/test/fields1_arp_enc.sil;silicon;1;False
5.927531102999637;../arp-plugin/performance/test/fields1_arp_enc.sil;silicon;1;False
5.878057339999941;../arp-plugin/performance/test/fields1_arp_enc.sil;silicon;1;False
4.123809255999731;../arp-plugin/performance/test/fields1_arp_enc.sil;silicon;1;False
8.383859069001119;../arp-plugin/performance/test/fields1_arp_enc.sil;silicon;1;False
3.62345095299861;../arp-plugin/performance/test/fields1_arp_enc.sil;silicon;1;False
31.536618322999857;../arp-plugin/performance/test/fields1_arp_enc.sil;carbon;0;False
28.788013866000256;../arp-plugin/performance/test/fields1_arp_enc.sil;carbon;0;False
30.586265445999743;../arp-plugin/performance/test/fields1_arp_enc.sil;carbon;0;False
28.831770568998763;../arp-plugin/performance/test/fields1_arp_enc.sil;carbon;0;False
31.288113140999485;../arp-plugin/performance/test/fields1_arp_enc.sil;carbon;0;False
30.13389979800013;../arp-plugin/performance/test/fields1_arp_enc.sil;carbon;0;False
28.735788034000507;../arp-plugin/performance/test/fields1_arp_enc.sil;carbon;0;False
28.531996124000216;../arp-plugin/performance/test/fields1_arp_enc.sil;carbon;0;False
30.683882403998723;../arp-plugin/performance/test/fields1_arp_enc.sil;carbon;0;False
28.931922019000922;../arp-plugin/performance/test/fields1_arp_enc.sil;carbon;0;False
28.53072557499945;../arp-plugin/performance/test/fields1_arp_enc.sil;carbon;0;False
28.332036302001143;../arp-plugin/performance/test/fields1_arp_enc.sil;carbon;0;False
29.78692363799928;../arp-plugin/performance/test/fields1_arp_enc.sil;carbon;0;False
28.281564298000376;../arp-plugin/performance/test/fields1_arp_enc.sil;carbon;0;False
28.981347164999534;../arp-plugin/performance/test/fields1_arp_enc.sil;carbon;0;False
29.534463110001525;../arp-plugin/performance/test/fields1_arp_enc.sil;carbon;0;False
29.584463576000417;../arp-plugin/performance/test/fields1_arp_enc.sil;carbon;0;False
28.88264085099945;../arp-plugin/performance/test/fields1_arp_enc.sil;carbon;0;False
28.431274598000527;../arp-plugin/performance/test/fields1_arp_enc.sil;carbon;0;False
28.885933479001324;../arp-plugin/performance/test/fields1_arp_enc.sil;carbon;0;False
1.219399159999739;../arp-plugin/performance/test/predicates1_enc.sil;silicon;0;False
0.9672525169989967;../arp-plugin/performance/test/predicates1_enc.sil;silicon;0;False
0.8163819100009277;../arp-plugin/performance/test/predicates1_enc.sil;silicon;0;False
0.7674394370005757;../arp-plugin/performance/test/predicates1_enc.sil;silicon;0;False
0.6158430319992476;../arp-plugin/performance/test/predicates1_enc.sil;silicon;0;False
0.5663135509967105;../arp-plugin/performance/test/predicates1_enc.sil;silicon;0;False
0.5153291759997956;../arp-plugin/performance/test/predicates1_enc.sil;silicon;0;False
0.5695240880013444;../arp-plugin/performance/test/predicates1_enc.sil;silicon;0;False
0.5156354409991764;../arp-plugin/performance/test/predicates1_enc.sil;silicon;0;False
0.516311339000822;../arp-plugin/performance/test/predicates1_enc.sil;silicon;0;False
0.5158361729991157;../arp-plugin/performance/test/predicates1_enc.sil;silicon;0;False
0.4660940200010373;../arp-plugin/performance/test/predicates1_enc.sil;silicon;0;False
0.6263834989986208;../arp-plugin/performance/test/predicates1_enc.sil;silicon;0;False
0.566451243001211;../arp-plugin/performance/test/predicates1_enc.sil;silicon;0;False
0.46673760599878733;../arp-plugin/performance/test/predicates1_enc.sil;silicon;0;False
0.6156812549997994;../arp-plugin/performance/test/predicates1_enc.sil;silicon;0;False
0.5167387840010633;../arp-plugin/performance/test/predicates1_enc.sil;silicon;0;False
0.46562195399747;../arp-plugin/performance/test/predicates1_enc.sil;silicon;0;False
0.46641299999828334;../arp-plugin/performance/test/predicates1_enc.sil;silicon;0;False
0.5164779229999112;../arp-plugin/performance/test/predicates1_enc.sil;silicon;0;False
4.833972396001627;../arp-plugin/performance/test/predicates1_enc.sil;carbon;0;False
3.9253870560023643;../arp-plugin/performance/test/predicates1_enc.sil;carbon;0;False
3.733732038999733;../arp-plugin/performance/test/predicates1_enc.sil;carbon;0;False
3.675240398999449;../arp-plugin/performance/test/predicates1_enc.sil;carbon;0;False
3.6264696610014653;../arp-plugin/performance/test/predicates1_enc.sil;carbon;0;False
4.125788782002928;../arp-plugin/performance/test/predicates1_enc.sil;carbon;0;False
3.575030586998764;../arp-plugin/performance/test/predicates1_enc.sil;carbon;0;False
3.5787231139984215;../arp-plugin/performance/test/predicates1_enc.sil;carbon;0;False
4.026985860000423;../arp-plugin/performance/test/predicates1_enc.sil;carbon;0;False
4.026074983001308;../arp-plugin/performance/test/predicates1_enc.sil;carbon;0;False
4.077106366999942;../arp-plugin/performance/test/predicates1_enc.sil;carbon;0;False
3.9764050650010176;../arp-plugin/performance/test/predicates1_enc.sil;carbon;0;False
4.02702532100011;../arp-plugin/performance/test/predicates1_enc.sil;carbon;0;False
3.4736449950032693;../arp-plugin/performance/test/predicates1_enc.sil;carbon;0;False
3.525760585998796;../arp-plugin/performance/test/predicates1_enc.sil;carbon;0;False
3.474586570999236;../arp-plugin/performance/test/predicates1_enc.sil;carbon;0;False
3.5736527789995307;../arp-plugin/performance/test/predicates1_enc.sil;carbon;0;False
3.4744903160026297;../arp-plugin/performance/test/predicates1_enc.sil;carbon;0;False
3.474803334000171;../arp-plugin/performance/test/predicates1_enc.sil;carbon;0;False
3.474657243998081;../arp-plugin/performance/test/predicates1_enc.sil;carbon;0;False
1.6202461780012527;../arp-plugin/performance/test/fields1_enc.sil;silicon;0;False
1.269828275000691;../arp-plugin/performance/test/fields1_enc.sil;silicon;0;False
0.9685500780014991;../arp-plugin/performance/test/fields1_enc.sil;silicon;0;False
0.8663283229998342;../arp-plugin/performance/test/fields1_enc.sil;silicon;0;False
0.8168249350001133;../arp-plugin/performance/test/fields1_enc.sil;silicon;0;False
0.8175255979986105;../arp-plugin/performance/test/fields1_enc.sil;silicon;0;False
0.7663343500007613;../arp-plugin/performance/test/fields1_enc.sil;silicon;0;False
0.7170098179994966;../arp-plugin/performance/test/fields1_enc.sil;silicon;0;False
0.767230401001143;../arp-plugin/performance/test/fields1_enc.sil;silicon;0;False
0.8180265049995796;../arp-plugin/performance/test/fields1_enc.sil;silicon;0;False
0.8180460799994762;../arp-plugin/performance/test/fields1_enc.sil;silicon;0;False
0.7161104399983742;../arp-plugin/performance/test/fields1_enc.sil;silicon;0;False
0.6658881220009789;../arp-plugin/performance/test/fields1_enc.sil;silicon;0;False
0.7661818489996222;../arp-plugin/performance/test/fields1_enc.sil;silicon;0;False
0.7173223079989839;../arp-plugin/performance/test/fields1_enc.sil;silicon;0;False
0.7163404429993534;../arp-plugin/performance/test/fields1_enc.sil;silicon;0;False
0.766321291001077;../arp-plugin/performance/test/fields1_enc.sil;silicon;0;False
0.8194037749999552;../arp-plugin/performance/test/fields1_enc.sil;silicon;0;False
0.7159481779999624;../arp-plugin/performance/test/fields1_enc.sil;silicon;0;False
0.716218129000481;../arp-plugin/performance/test/fields1_enc.sil;silicon;0;False
10.146929790998911;../arp-plugin/performance/test/fields1_enc.sil;carbon;0;False
9.53867609000008;../arp-plugin/performance/test/fields1_enc.sil;carbon;0;False
9.336707534999732;../arp-plugin/performance/test/fields1_enc.sil;carbon;0;False
9.23693788699893;../arp-plugin/performance/test/fields1_enc.sil;carbon;0;False
9.136814936999144;../arp-plugin/performance/test/fields1_enc.sil;carbon;0;False
9.08542971099996;../arp-plugin/performance/test/fields1_enc.sil;carbon;0;False
9.135875306001253;../arp-plugin/performance/test/fields1_enc.sil;carbon;0;False
8.985874537998825;../arp-plugin/performance/test/fields1_enc.sil;carbon;0;False
9.091403803000503;../arp-plugin/performance/test/fields1_enc.sil;carbon;0;False
8.985228118001032;../arp-plugin/performance/test/fields1_enc.sil;carbon;0;False
9.146131313000296;../arp-plugin/performance/test/fields1_enc.sil;carbon;0;False
9.035591169998952;../arp-plugin/performance/test/fields1_enc.sil;carbon;0;False
9.094190305999291;../arp-plugin/performance/test/fields1_enc.sil;carbon;0;False
8.985013249000986;../arp-plugin/performance/test/fields1_enc.sil;carbon;0;False
8.985449241999959;../arp-plugin/performance/test/fields1_enc.sil;carbon;0;False
9.034849646001021;../arp-plugin/performance/test/fields1_enc.sil;carbon;0;False
9.08708086400111;../arp-plugin/performance/test/fields1_enc.sil;carbon;0;False
9.142421304999516;../arp-plugin/performance/test/fields1_enc.sil;carbon;0;False
8.88503240099999;../arp-plugin/performance/test/fields1_enc.sil;carbon;0;False
9.040903174998675;../arp-plugin/performance/test/fields1_enc.sil;carbon;0;False
0.5180598810002266;../arp-plugin/performance/test/predicates1.sil;silicon;0;False
0.4656714499997179;../arp-plugin/performance/test/predicates1.sil;silicon;0;False
0.41644167699996615;../arp-plugin/performance/test/predicates1.sil;silicon;0;False
0.41572661500140384;../arp-plugin/performance/test/predicates1.sil;silicon;0;False
0.3650980639995396;../arp-plugin/performance/test/predicates1.sil;silicon;0;False
0.421991948998766;../arp-plugin/performance/test/predicates1.sil;silicon;0;False
0.41620794200025557;../arp-plugin/performance/test/predicates1.sil;silicon;0;False
0.31552609900063544;../arp-plugin/performance/test/predicates1.sil;silicon;0;False
0.31544706000022416;../arp-plugin/performance/test/predicates1.sil;silicon;0;False
0.26562334799928067;../arp-plugin/performance/test/predicates1.sil;silicon;0;False
0.2659561240016046;../arp-plugin/performance/test/predicates1.sil;silicon;0;False
0.21483321500090824;../arp-plugin/performance/test/predicates1.sil;silicon;0;False
0.2738581490011711;../arp-plugin/performance/test/predicates1.sil;silicon;0;False
0.27068429199971433;../arp-plugin/performance/test/predicates1.sil;silicon;0;False
0.21637971700147318;../arp-plugin/performance/test/predicates1.sil;silicon;0;False
0.2649876959985704;../arp-plugin/performance/test/predicates1.sil;silicon;0;False
0.2662402719997772;../arp-plugin/performance/test/predicates1.sil;silicon;0;False
0.2160893189993658;../arp-plugin/performance/test/predicates1.sil;silicon;0;False
0.2176079460004985;../arp-plugin/performance/test/predicates1.sil;silicon;0;False
0.31610001900116913;../arp-plugin/performance/test/predicates1.sil;silicon;0;False
2.673296503000529;../arp-plugin/performance/test/predicates1.sil;carbon;0;False
2.5206944219989964;../arp-plugin/performance/test/predicates1.sil;carbon;0;False
2.471950180000931;../arp-plugin/performance/test/predicates1.sil;carbon;0;False
2.421076352000455;../arp-plugin/performance/test/predicates1.sil;carbon;0;False
2.3703719539989834;../arp-plugin/performance/test/predicates1.sil;carbon;0;False
2.420131126000342;../arp-plugin/performance/test/predicates1.sil;carbon;0;False
2.372473480998451;../arp-plugin/performance/test/predicates1.sil;carbon;0;False
2.321032751999155;../arp-plugin/performance/test/predicates1.sil;carbon;0;False
2.370078078998631;../arp-plugin/performance/test/predicates1.sil;carbon;0;False
2.3238180440002907;../arp-plugin/performance/test/predicates1.sil;carbon;0;False
2.4288211690000026;../arp-plugin/performance/test/predicates1.sil;carbon;0;False
2.320575502999418;../arp-plugin/performance/test/predicates1.sil;carbon;0;False
2.3707615900002565;../arp-plugin/performance/test/predicates1.sil;carbon;0;False
2.2723177839998243;../arp-plugin/performance/test/predicates1.sil;carbon;0;False
2.3221827560009842;../arp-plugin/performance/test/predicates1.sil;carbon;0;False
2.3703279830006068;../arp-plugin/performance/test/predicates1.sil;carbon;0;False
2.320902870998907;../arp-plugin/performance/test/predicates1.sil;carbon;0;False
2.2838505509989773;../arp-plugin/performance/test/predicates1.sil;carbon;0;False
2.3722507359998417;../arp-plugin/performance/test/predicates1.sil;carbon;0;False
2.371733853000478;../arp-plugin/performance/test/predicates1.sil;carbon;0;False
1.4724581179998495;../arp-plugin/performance/test/fields1_arps_enc.sil;silicon;0;False
1.0175531150016468;../arp-plugin/performance/test/fields1_arps_enc.sil;silicon;0;False
1.0175298470003327;../arp-plugin/performance/test/fields1_arps_enc.sil;silicon;0;False
0.9719427410000208;../arp-plugin/performance/test/fields1_arps_enc.sil;silicon;0;False
0.8666070789986406;../arp-plugin/performance/test/fields1_arps_enc.sil;silicon;0;False
0.8165401469996141;../arp-plugin/performance/test/fields1_arps_enc.sil;silicon;0;False
0.8171789779989922;../arp-plugin/performance/test/fields1_arps_enc.sil;silicon;0;False
0.7674989070001175;../arp-plugin/performance/test/fields1_arps_enc.sil;silicon;0;False
0.7661263669997425;../arp-plugin/performance/test/fields1_arps_enc.sil;silicon;0;False
0.7675265389989363;../arp-plugin/performance/test/fields1_arps_enc.sil;silicon;0;False
0.7671974100012449;../arp-plugin/performance/test/fields1_arps_enc.sil;silicon;0;False
0.7663158719988132;../arp-plugin/performance/test/fields1_arps_enc.sil;silicon;0;False
0.7673206070012384;../arp-plugin/performance/test/fields1_arps_enc.sil;silicon;0;False
0.7167577449999953;../arp-plugin/performance/test/fields1_arps_enc.sil;silicon;0;False
0.7664227810000739;../arp-plugin/performance/test/fields1_arps_enc.sil;silicon;0;False
0.7179095219998999;../arp-plugin/performance/test/fields1_arps_enc.sil;silicon;0;False
0.7660009909996006;../arp-plugin/performance/test/fields1_arps_enc.sil;silicon;0;False
0.716467754000405;../arp-plugin/performance/test/fields1_arps_enc.sil;silicon;0;False
0.8667086999994353;../arp-plugin/performance/test/fields1_arps_enc.sil;silicon;0;False
0.7663723420009774;../arp-plugin/performance/test/fields1_arps_enc.sil;silicon;0;False
4.378009861000464;../arp-plugin/performance/test/fields1_arps_enc.sil;carbon;0;False
4.627791953000269;../arp-plugin/performance/test/fields1_arps_enc.sil;carbon;0;False
4.526452878000782;../arp-plugin/performance/test/fields1_arps_enc.sil;carbon;0;False
3.9757185950002167;../arp-plugin/performance/test/fields1_arps_enc.sil;carbon;0;False
4.477483167000173;../arp-plugin/performance/test/fields1_arps_enc.sil;carbon;0;False
4.427195472999301;../arp-plugin/performance/test/fields1_arps_enc.sil;carbon;0;False
3.926502067999536;../arp-plugin/performance/test/fields1_arps_enc.sil;carbon;0;False
4.427751912000531;../arp-plugin/performance/test/fields1_arps_enc.sil;carbon;0;False
4.4276905480001005;../arp-plugin/performance/test/fields1_arps_enc.sil;carbon;0;False
4.427409059000638;../arp-plugin/performance/test/fields1_arps_enc.sil;carbon;0;False
4.426186398999562;../arp-plugin/performance/test/fields1_arps_enc.sil;carbon;0;False
4.376785497001038;../arp-plugin/performance/test/fields1_arps_enc.sil;carbon;0;False
4.377633194000737;../arp-plugin/performance/test/fields1_arps_enc.sil;carbon;0;False
4.377826958001606;../arp-plugin/performance/test/fields1_arps_enc.sil;carbon;0;False
3.8758139649999066;../arp-plugin/performance/test/fields1_arps_enc.sil;carbon;0;False
4.377008110999668;../arp-plugin/performance/test/fields1_arps_enc.sil;carbon;0;False
3.8760027900007117;../arp-plugin/performance/test/fields1_arps_enc.sil;carbon;0;False
4.376531772000817;../arp-plugin/performance/test/fields1_arps_enc.sil;carbon;0;False
4.376198605999889;../arp-plugin/performance/test/fields1_arps_enc.sil;carbon;0;False
4.3765462990013475;../arp-plugin/performance/test/fields1_arps_enc.sil;carbon;0;False
6.527659085997584;../arp-plugin/performance/test/quantifiers1.sil;silicon;0;False
6.285783605999313;../arp-plugin/performance/test/quantifiers1.sil;silicon;0;False
5.97752450400003;../arp-plugin/performance/test/quantifiers1.sil;silicon;0;False
5.92638984000223;../arp-plugin/performance/test/quantifiers1.sil;silicon;0;False
5.826835877000121;../arp-plugin/performance/test/quantifiers1.sil;silicon;0;False
5.8265280929990695;../arp-plugin/performance/test/quantifiers1.sil;silicon;0;False
5.826747708000767;../arp-plugin/performance/test/quantifiers1.sil;silicon;0;False
5.880013328998757;../arp-plugin/performance/test/quantifiers1.sil;silicon;0;False
5.727016461001767;../arp-plugin/performance/test/quantifiers1.sil;silicon;0;False
5.784167398000136;../arp-plugin/performance/test/quantifiers1.sil;silicon;0;False
5.826975530999334;../arp-plugin/performance/test/quantifiers1.sil;silicon;0;False
5.777145344996825;../arp-plugin/performance/test/quantifiers1.sil;silicon;0;False
5.8765995310022845;../arp-plugin/performance/test/quantifiers1.sil;silicon;0;False
5.927105280999967;../arp-plugin/performance/test/quantifiers1.sil;silicon;0;False
5.778075207999791;../arp-plugin/performance/test/quantifiers1.sil;silicon;0;False
5.777253309999651;../arp-plugin/performance/test/quantifiers1.sil;silicon;0;False
5.826859722001245;../arp-plugin/performance/test/quantifiers1.sil;silicon;0;False
5.778672901997197;../arp-plugin/performance/test/quantifiers1.sil;silicon;0;False
5.7292865269992035;../arp-plugin/performance/test/quantifiers1.sil;silicon;0;False
5.727320225003496;../arp-plugin/performance/test/quantifiers1.sil;silicon;0;False
1.9692698489998293;../arp-plugin/performance/test/quantifiers1.sil;carbon;0;False
1.7189882819984632;../arp-plugin/performance/test/quantifiers1.sil;carbon;0;False
1.6685282030011876;../arp-plugin/performance/test/quantifiers1.sil;carbon;0;False
1.6180378349999955;../arp-plugin/performance/test/quantifiers1.sil;carbon;0;False
1.5686508329999924;../arp-plugin/performance/test/quantifiers1.sil;carbon;0;False
1.5683661900002335;../arp-plugin/performance/test/quantifiers1.sil;carbon;0;False
1.568884780001099;../arp-plugin/performance/test/quantifiers1.sil;carbon;0;False
1.468528970999614;../arp-plugin/performance/test/quantifiers1.sil;carbon;0;False
1.5685606750012084;../arp-plugin/performance/test/quantifiers1.sil;carbon;0;False
1.468396684002073;../arp-plugin/performance/test/quantifiers1.sil;carbon;0;False
1.4673462509999808;../arp-plugin/performance/test/quantifiers1.sil;carbon;0;False
1.4675908079989313;../arp-plugin/performance/test/quantifiers1.sil;carbon;0;False
1.467538336000871;../arp-plugin/performance/test/quantifiers1.sil;carbon;0;False
1.4685226309993595;../arp-plugin/performance/test/quantifiers1.sil;carbon;0;False
1.4675655650025874;../arp-plugin/performance/test/quantifiers1.sil;carbon;0;False
1.5184286100011377;../arp-plugin/performance/test/quantifiers1.sil;carbon;0;False
1.4179685520030034;../arp-plugin/performance/test/quantifiers1.sil;carbon;0;False
1.4175941979992785;../arp-plugin/performance/test/quantifiers1.sil;carbon;0;False
1.4718977049997193;../arp-plugin/performance/test/quantifiers1.sil;carbon;0;False
1.4225138149995473;../arp-plugin/performance/test/quantifiers1.sil;carbon;0;False
13.398993067003175;../arp-plugin/performance/test/quantifiers1_enc.sil;silicon;0;False
12.35086507899905;../arp-plugin/performance/test/quantifiers1_enc.sil;silicon;0;False
12.140546995000477;../arp-plugin/performance/test/quantifiers1_enc.sil;silicon;0;False
11.989361001000361;../arp-plugin/performance/test/quantifiers1_enc.sil;silicon;0;False
11.858609490998788;../arp-plugin/performance/test/quantifiers1_enc.sil;silicon;0;False
11.839135247999366;../arp-plugin/performance/test/quantifiers1_enc.sil;silicon;0;False
11.839767091001704;../arp-plugin/performance/test/quantifiers1_enc.sil;silicon;0;False
11.689367254999524;../arp-plugin/performance/test/quantifiers1_enc.sil;silicon;0;False
11.73860086899731;../arp-plugin/performance/test/quantifiers1_enc.sil;silicon;0;False
11.947052527000778;../arp-plugin/performance/test/quantifiers1_enc.sil;silicon;0;False
11.790045567999186;../arp-plugin/performance/test/quantifiers1_enc.sil;silicon;0;False
11.788954474999628;../arp-plugin/performance/test/quantifiers1_enc.sil;silicon;0;False
11.789365240001644;../arp-plugin/performance/test/quantifiers1_enc.sil;silicon;0;False
11.738894454996625;../arp-plugin/performance/test/quantifiers1_enc.sil;silicon;0;False
11.493213568999636;../arp-plugin/performance/test/quantifiers1_enc.sil;silicon;0;False
11.698486855002557;../arp-plugin/performance/test/quantifiers1_enc.sil;silicon;0;False
11.758815339002467;../arp-plugin/performance/test/quantifiers1_enc.sil;silicon;0;False
11.640994002998923;../arp-plugin/performance/test/quantifiers1_enc.sil;silicon;0;False
11.589392353998846;../arp-plugin/performance/test/quantifiers1_enc.sil;silicon;0;False
11.788444260000688;../arp-plugin/performance/test/quantifiers1_enc.sil;silicon;0;False
6.631269240002439;../arp-plugin/performance/test/quantifiers1_enc.sil;carbon;0;False
5.528172245998576;../arp-plugin/performance/test/quantifiers1_enc.sil;carbon;0;False
5.230049804002192;../arp-plugin/performance/test/quantifiers1_enc.sil;carbon;0;False
5.230301777999557;../arp-plugin/performance/test/quantifiers1_enc.sil;carbon;0;False
5.077013337999233;../arp-plugin/performance/test/quantifiers1_enc.sil;carbon;0;False
5.128114257000561;../arp-plugin/performance/test/quantifiers1_enc.sil;carbon;0;False
5.580204775000311;../arp-plugin/performance/test/quantifiers1_enc.sil;carbon;0;False
4.977142857002036;../arp-plugin/performance/test/quantifiers1_enc.sil;carbon;0;False
4.976851963998342;../arp-plugin/performance/test/quantifiers1_enc.sil;carbon;0;False
5.478902584000025;../arp-plugin/performance/test/quantifiers1_enc.sil;carbon;0;False
4.926295534998644;../arp-plugin/performance/test/quantifiers1_enc.sil;carbon;0;False
4.9270814130031795;../arp-plugin/performance/test/quantifiers1_enc.sil;carbon;0;False
4.926678170999367;../arp-plugin/performance/test/quantifiers1_enc.sil;carbon;0;False
4.927270811000199;../arp-plugin/performance/test/quantifiers1_enc.sil;carbon;0;False
4.926987530001497;../arp-plugin/performance/test/quantifiers1_enc.sil;carbon;0;False
5.040041596999799;../arp-plugin/performance/test/quantifiers1_enc.sil;carbon;0;False
5.778869370002212;../arp-plugin/performance/test/quantifiers1_enc.sil;carbon;0;False
5.484429486998124;../arp-plugin/performance/test/quantifiers1_enc.sil;carbon;0;False
4.928100348999578;../arp-plugin/performance/test/quantifiers1_enc.sil;carbon;0;False
4.879680566002207;../arp-plugin/performance/test/quantifiers1_enc.sil;carbon;0;False
120.00329844999942;../arp-plugin/performance/test/predicates2_arps_enc.sil;silicon;-1;True
120.00347467600113;../arp-plugin/performance/test/predicates2_arps_enc.sil;silicon;-1;True
120.00333493899961;../arp-plugin/performance/test/predicates2_arps_enc.sil;silicon;-1;True
120.00564266400033;../arp-plugin/performance/test/predicates2_arps_enc.sil;silicon;-1;True
120.02816888900088;../arp-plugin/performance/test/predicates2_arps_enc.sil;silicon;-1;True
120.02130869999928;../arp-plugin/performance/test/predicates2_arps_enc.sil;silicon;-1;True
120.01540107500114;../arp-plugin/performance/test/predicates2_arps_enc.sil;silicon;-1;True
42.62193199799913;../arp-plugin/performance/test/predicates2_arps_enc.sil;silicon;1;False
37.10428640899954;../arp-plugin/performance/test/predicates2_arps_enc.sil;silicon;1;False
120.0114050250013;../arp-plugin/performance/test/predicates2_arps_enc.sil;silicon;-1;True
120.01559721000012;../arp-plugin/performance/test/predicates2_arps_enc.sil;silicon;-1;True
120.01876149100099;../arp-plugin/performance/test/predicates2_arps_enc.sil;silicon;-1;True
114.58832089300085;../arp-plugin/performance/test/predicates2_arps_enc.sil;silicon;1;False
120.00558797699887;../arp-plugin/performance/test/predicates2_arps_enc.sil;silicon;-1;True
120.01536834199942;../arp-plugin/performance/test/predicates2_arps_enc.sil;silicon;-1;True
120.00750417000017;../arp-plugin/performance/test/predicates2_arps_enc.sil;silicon;-1;True
84.76859242700084;../arp-plugin/performance/test/predicates2_arps_enc.sil;silicon;1;False
120.00593054399724;../arp-plugin/performance/test/predicates2_arps_enc.sil;silicon;-1;True
120.00779003500065;../arp-plugin/performance/test/predicates2_arps_enc.sil;silicon;-1;True
120.00861880500088;../arp-plugin/performance/test/predicates2_arps_enc.sil;silicon;-1;True
18.15698581000106;../arp-plugin/performance/test/predicates2_arps_enc.sil;carbon;0;False
17.353735669999878;../arp-plugin/performance/test/predicates2_arps_enc.sil;carbon;0;False
18.959001490002265;../arp-plugin/performance/test/predicates2_arps_enc.sil;carbon;0;False
17.30320522599868;../arp-plugin/performance/test/predicates2_arps_enc.sil;carbon;0;False
17.252382266000495;../arp-plugin/performance/test/predicates2_arps_enc.sil;carbon;0;False
16.86311368799943;../arp-plugin/performance/test/predicates2_arps_enc.sil;carbon;0;False
18.957325693998428;../arp-plugin/performance/test/predicates2_arps_enc.sil;carbon;0;False
16.753212873001758;../arp-plugin/performance/test/predicates2_arps_enc.sil;carbon;0;False
16.910583030999987;../arp-plugin/performance/test/predicates2_arps_enc.sil;carbon;0;False
16.85307675399963;../arp-plugin/performance/test/predicates2_arps_enc.sil;carbon;0;False
17.25312365899663;../arp-plugin/performance/test/predicates2_arps_enc.sil;carbon;0;False
16.75990076100061;../arp-plugin/performance/test/predicates2_arps_enc.sil;carbon;0;False
16.754100164998817;../arp-plugin/performance/test/predicates2_arps_enc.sil;carbon;0;False
16.753145906997815;../arp-plugin/performance/test/predicates2_arps_enc.sil;carbon;0;False
16.653866637003375;../arp-plugin/performance/test/predicates2_arps_enc.sil;carbon;0;False
16.908537901999807;../arp-plugin/performance/test/predicates2_arps_enc.sil;carbon;0;False
16.853737339999498;../arp-plugin/performance/test/predicates2_arps_enc.sil;carbon;0;False
18.85942667600102;../arp-plugin/performance/test/predicates2_arps_enc.sil;carbon;0;False
16.75404653199803;../arp-plugin/performance/test/predicates2_arps_enc.sil;carbon;0;False
16.905491251000058;../arp-plugin/performance/test/predicates2_arps_enc.sil;carbon;0;False
2.070130200998392;../arp-plugin/performance/test/predicates1_arp_enc.sil;silicon;0;False
1.7227413939981489;../arp-plugin/performance/test/predicates1_arp_enc.sil;silicon;0;False
1.4680582490000234;../arp-plugin/performance/test/predicates1_arp_enc.sil;silicon;0;False
1.4685367609999957;../arp-plugin/performance/test/predicates1_arp_enc.sil;silicon;0;False
1.2681361579998338;../arp-plugin/performance/test/predicates1_arp_enc.sil;silicon;0;False
1.217644296000799;../arp-plugin/performance/test/predicates1_arp_enc.sil;silicon;0;False
1.2677711229989654;../arp-plugin/performance/test/predicates1_arp_enc.sil;silicon;0;False
1.2670535799989011;../arp-plugin/performance/test/predicates1_arp_enc.sil;silicon;0;False
1.2184975460004352;../arp-plugin/performance/test/predicates1_arp_enc.sil;silicon;0;False
1.2685081339986937;../arp-plugin/performance/test/predicates1_arp_enc.sil;silicon;0;False
1.2175332459992205;../arp-plugin/performance/test/predicates1_arp_enc.sil;silicon;0;False
1.2174582640000153;../arp-plugin/performance/test/predicates1_arp_enc.sil;silicon;0;False
1.2210793619997276;../arp-plugin/performance/test/predicates1_arp_enc.sil;silicon;0;False
1.1675655830003961;../arp-plugin/performance/test/predicates1_arp_enc.sil;silicon;0;False
1.1674884940002812;../arp-plugin/performance/test/predicates1_arp_enc.sil;silicon;0;False
1.217207348003285;../arp-plugin/performance/test/predicates1_arp_enc.sil;silicon;0;False
1.1709129109985952;../arp-plugin/performance/test/predicates1_arp_enc.sil;silicon;0;False
1.1668783790009911;../arp-plugin/performance/test/predicates1_arp_enc.sil;silicon;0;False
1.1175747320012306;../arp-plugin/performance/test/predicates1_arp_enc.sil;silicon;0;False
1.1668730429992138;../arp-plugin/performance/test/predicates1_arp_enc.sil;silicon;0;False
4.376022266998916;../arp-plugin/performance/test/predicates1_arp_enc.sil;carbon;0;False
4.4803921219972835;../arp-plugin/performance/test/predicates1_arp_enc.sil;carbon;0;False
3.8246214809987578;../arp-plugin/performance/test/predicates1_arp_enc.sil;carbon;0;False
4.177291899999545;../arp-plugin/performance/test/predicates1_arp_enc.sil;carbon;0;False
4.177578712002287;../arp-plugin/performance/test/predicates1_arp_enc.sil;carbon;0;False
3.6252685340004973;../arp-plugin/performance/test/predicates1_arp_enc.sil;carbon;0;False
3.6248756120003236;../arp-plugin/performance/test/predicates1_arp_enc.sil;carbon;0;False
4.076965886997641;../arp-plugin/performance/test/predicates1_arp_enc.sil;carbon;0;False
4.076837158998387;../arp-plugin/performance/test/predicates1_arp_enc.sil;carbon;0;False
4.125457109999843;../arp-plugin/performance/test/predicates1_arp_enc.sil;carbon;0;False
4.0283609529979;../arp-plugin/performance/test/predicates1_arp_enc.sil;carbon;0;False
3.5240054360001523;../arp-plugin/performance/test/predicates1_arp_enc.sil;carbon;0;False
4.02950632899956;../arp-plugin/performance/test/predicates1_arp_enc.sil;carbon;0;False
3.5238539269994362;../arp-plugin/performance/test/predicates1_arp_enc.sil;carbon;0;False
4.025792208001803;../arp-plugin/performance/test/predicates1_arp_enc.sil;carbon;0;False
3.9809024420028436;../arp-plugin/performance/test/predicates1_arp_enc.sil;carbon;0;False
3.5262373269979435;../arp-plugin/performance/test/predicates1_arp_enc.sil;carbon;0;False
3.5240344569974695;../arp-plugin/performance/test/predicates1_arp_enc.sil;carbon;0;False
3.5739054959994974;../arp-plugin/performance/test/predicates1_arp_enc.sil;carbon;0;False
3.532479917001183;../arp-plugin/performance/test/predicates1_arp_enc.sil;carbon;0;False
3.772939785001654;../arp-plugin/performance/test/sum1_arp_enc.sil;silicon;1;False
3.2233708890016715;../arp-plugin/performance/test/sum1_arp_enc.sil;silicon;1;False
3.1726523760007694;../arp-plugin/performance/test/sum1_arp_enc.sil;silicon;1;False
2.7715576620030333;../arp-plugin/performance/test/sum1_arp_enc.sil;silicon;1;False
4.277381923999201;../arp-plugin/performance/test/sum1_arp_enc.sil;silicon;1;False
2.7711463720006577;../arp-plugin/performance/test/sum1_arp_enc.sil;silicon;1;False
4.024749451000389;../arp-plugin/performance/test/sum1_arp_enc.sil;silicon;1;False
3.3730203919985797;../arp-plugin/performance/test/sum1_arp_enc.sil;silicon;1;False
2.7212831870019727;../arp-plugin/performance/test/sum1_arp_enc.sil;silicon;1;False
2.7237849070006632;../arp-plugin/performance/test/sum1_arp_enc.sil;silicon;1;False
3.3727016559969343;../arp-plugin/performance/test/sum1_arp_enc.sil;silicon;1;False
3.3726646340001025;../arp-plugin/performance/test/sum1_arp_enc.sil;silicon;1;False
2.623795892999624;../arp-plugin/performance/test/sum1_arp_enc.sil;silicon;1;False
3.2221705410011054;../arp-plugin/performance/test/sum1_arp_enc.sil;silicon;1;False
3.4732943039998645;../arp-plugin/performance/test/sum1_arp_enc.sil;silicon;1;False
2.671286824002891;../arp-plugin/performance/test/sum1_arp_enc.sil;silicon;1;False
3.8734665050033072;../arp-plugin/performance/test/sum1_arp_enc.sil;silicon;1;False
3.822414430000208;../arp-plugin/performance/test/sum1_arp_enc.sil;silicon;1;False
2.67142547000185;../arp-plugin/performance/test/sum1_arp_enc.sil;silicon;1;False
3.471989470999688;../arp-plugin/performance/test/sum1_arp_enc.sil;silicon;1;False
27.78060381999967;../arp-plugin/performance/test/sum1_arp_enc.sil;carbon;0;False
31.836980030999257;../arp-plugin/performance/test/sum1_arp_enc.sil;carbon;0;False
19.41486181900109;../arp-plugin/performance/test/sum1_arp_enc.sil;carbon;0;False
17.755437432999315;../arp-plugin/performance/test/sum1_arp_enc.sil;carbon;0;False
26.430562610999914;../arp-plugin/performance/test/sum1_arp_enc.sil;carbon;0;False
30.483371728998463;../arp-plugin/performance/test/sum1_arp_enc.sil;carbon;0;False
20.610113129998354;../arp-plugin/performance/test/sum1_arp_enc.sil;carbon;0;False
37.29896039599771;../arp-plugin/performance/test/sum1_arp_enc.sil;carbon;0;False
17.80578667199734;../arp-plugin/performance/test/sum1_arp_enc.sil;carbon;0;False
13.145868314000836;../arp-plugin/performance/test/sum1_arp_enc.sil;carbon;0;False
15.852588087000186;../arp-plugin/performance/test/sum1_arp_enc.sil;carbon;0;False
19.6636408389968;../arp-plugin/performance/test/sum1_arp_enc.sil;carbon;0;False
35.14704357000301;../arp-plugin/performance/test/sum1_arp_enc.sil;carbon;0;False
19.609782354000345;../arp-plugin/performance/test/sum1_arp_enc.sil;carbon;0;False
22.414445817998057;../arp-plugin/performance/test/sum1_arp_enc.sil;carbon;0;False
28.782393380999565;../arp-plugin/performance/test/sum1_arp_enc.sil;carbon;0;False
36.49860077899939;../arp-plugin/performance/test/sum1_arp_enc.sil;carbon;0;False
22.9690010910017;../arp-plugin/performance/test/sum1_arp_enc.sil;carbon;0;False
30.24295617700045;../arp-plugin/performance/test/sum1_arp_enc.sil;carbon;0;False
38.10323601900018;../arp-plugin/performance/test/sum1_arp_enc.sil;carbon;0;False
1.1241547680001531;../arp-plugin/performance/test/predicates2.sil;silicon;0;False
0.8664545899991936;../arp-plugin/performance/test/predicates2.sil;silicon;0;False
0.6658177720019012;../arp-plugin/performance/test/predicates2.sil;silicon;0;False
0.6163345179993485;../arp-plugin/performance/test/predicates2.sil;silicon;0;False
0.5158054929997888;../arp-plugin/performance/test/predicates2.sil;silicon;0;False
0.5161042079998879;../arp-plugin/performance/test/predicates2.sil;silicon;0;False
0.46620892400096636;../arp-plugin/performance/test/predicates2.sil;silicon;0;False
0.5154286149991094;../arp-plugin/performance/test/predicates2.sil;silicon;0;False
0.5660576299997047;../arp-plugin/performance/test/predicates2.sil;silicon;0;False
0.4656130290022702;../arp-plugin/performance/test/predicates2.sil;silicon;0;False
0.4163504569987708;../arp-plugin/performance/test/predicates2.sil;silicon;0;False
0.5157876400007808;../arp-plugin/performance/test/predicates2.sil;silicon;0;False
0.46557449900137726;../arp-plugin/performance/test/predicates2.sil;silicon;0;False
0.41522736600018106;../arp-plugin/performance/test/predicates2.sil;silicon;0;False
0.41583082799843396;../arp-plugin/performance/test/predicates2.sil;silicon;0;False
0.415982296999573;../arp-plugin/performance/test/predicates2.sil;silicon;0;False
0.3665872599995055;../arp-plugin/performance/test/predicates2.sil;silicon;0;False
0.415227995999885;../arp-plugin/performance/test/predicates2.sil;silicon;0;False
0.37012185499770567;../arp-plugin/performance/test/predicates2.sil;silicon;0;False
0.4152892210004211;../arp-plugin/performance/test/predicates2.sil;silicon;0;False
2.5210430750012165;../arp-plugin/performance/test/predicates2.sil;carbon;0;False
2.181867555998906;../arp-plugin/performance/test/predicates2.sil;carbon;0;False
2.072767867000948;../arp-plugin/performance/test/predicates2.sil;carbon;0;False
2.0186199889976706;../arp-plugin/performance/test/predicates2.sil;carbon;0;False
1.9188175169983879;../arp-plugin/performance/test/predicates2.sil;carbon;0;False
1.9190085910013295;../arp-plugin/performance/test/predicates2.sil;carbon;0;False
1.9187290430018038;../arp-plugin/performance/test/predicates2.sil;carbon;0;False
1.918219870996836;../arp-plugin/performance/test/predicates2.sil;carbon;0;False
1.9188294070008851;../arp-plugin/performance/test/predicates2.sil;carbon;0;False
1.9226384069988853;../arp-plugin/performance/test/predicates2.sil;carbon;0;False
1.918845666001289;../arp-plugin/performance/test/predicates2.sil;carbon;0;False
1.9697864759982622;../arp-plugin/performance/test/predicates2.sil;carbon;0;False
1.9207079190018703;../arp-plugin/performance/test/predicates2.sil;carbon;0;False
1.9188596510030038;../arp-plugin/performance/test/predicates2.sil;carbon;0;False
1.86900839000009;../arp-plugin/performance/test/predicates2.sil;carbon;0;False
1.9196861800010083;../arp-plugin/performance/test/predicates2.sil;carbon;0;False
1.9192404310015263;../arp-plugin/performance/test/predicates2.sil;carbon;0;False
1.91866879400186;../arp-plugin/performance/test/predicates2.sil;carbon;0;False
1.8689965949997713;../arp-plugin/performance/test/predicates2.sil;carbon;0;False
1.871040706999338;../arp-plugin/performance/test/predicates2.sil;carbon;0;False
25.270592451000994;../arp-plugin/performance/test/predicates2_arp_enc.sil;silicon;1;False
24.619920220000495;../arp-plugin/performance/test/predicates2_arp_enc.sil;silicon;1;False
24.7654228240026;../arp-plugin/performance/test/predicates2_arp_enc.sil;silicon;1;False
25.27841186799924;../arp-plugin/performance/test/predicates2_arp_enc.sil;silicon;1;False
24.678397840001708;../arp-plugin/performance/test/predicates2_arp_enc.sil;silicon;1;False
25.168754016001913;../arp-plugin/performance/test/predicates2_arp_enc.sil;silicon;1;False
24.117674413002533;../arp-plugin/performance/test/predicates2_arp_enc.sil;silicon;1;False
24.318563778997486;../arp-plugin/performance/test/predicates2_arp_enc.sil;silicon;1;False
23.61863479100066;../arp-plugin/performance/test/predicates2_arp_enc.sil;silicon;1;False
25.774018486001296;../arp-plugin/performance/test/predicates2_arp_enc.sil;silicon;1;False
24.11989492900102;../arp-plugin/performance/test/predicates2_arp_enc.sil;silicon;1;False
24.41863491500044;../arp-plugin/performance/test/predicates2_arp_enc.sil;silicon;1;False
24.269741143998544;../arp-plugin/performance/test/predicates2_arp_enc.sil;silicon;1;False
24.319855461999396;../arp-plugin/performance/test/predicates2_arp_enc.sil;silicon;1;False
24.76526670000021;../arp-plugin/performance/test/predicates2_arp_enc.sil;silicon;1;False
24.319242892001057;../arp-plugin/performance/test/predicates2_arp_enc.sil;silicon;1;False
24.267541684002936;../arp-plugin/performance/test/predicates2_arp_enc.sil;silicon;1;False
23.983397561001766;../arp-plugin/performance/test/predicates2_arp_enc.sil;silicon;1;False
25.47081761300069;../arp-plugin/performance/test/predicates2_arp_enc.sil;silicon;1;False
24.316969352999877;../arp-plugin/performance/test/predicates2_arp_enc.sil;silicon;1;False
120.00424679700154;../arp-plugin/performance/test/predicates2_arp_enc.sil;carbon;-1;True
120.0048836149981;../arp-plugin/performance/test/predicates2_arp_enc.sil;carbon;-1;True
120.00768417599829;../arp-plugin/performance/test/predicates2_arp_enc.sil;carbon;-1;True
120.00882248700145;../arp-plugin/performance/test/predicates2_arp_enc.sil;carbon;-1;True
120.0187865179978;../arp-plugin/performance/test/predicates2_arp_enc.sil;carbon;-1;True
120.01876887300023;../arp-plugin/performance/test/predicates2_arp_enc.sil;carbon;-1;True
120.01571428799798;../arp-plugin/performance/test/predicates2_arp_enc.sil;carbon;-1;True
120.01541207799892;../arp-plugin/performance/test/predicates2_arp_enc.sil;carbon;-1;True
120.02576587699878;../arp-plugin/performance/test/predicates2_arp_enc.sil;carbon;-1;True
120.0391882469994;../arp-plugin/performance/test/predicates2_arp_enc.sil;carbon;-1;True
120.0527495100032;../arp-plugin/performance/test/predicates2_arp_enc.sil;carbon;-1;True
120.02489072299795;../arp-plugin/performance/test/predicates2_arp_enc.sil;carbon;-1;True
120.06569441199827;../arp-plugin/performance/test/predicates2_arp_enc.sil;carbon;-1;True
120.06808532899959;../arp-plugin/performance/test/predicates2_arp_enc.sil;carbon;-1;True
120.0918638639996;../arp-plugin/performance/test/predicates2_arp_enc.sil;carbon;-1;True
120.09841565999886;../arp-plugin/performance/test/predicates2_arp_enc.sil;carbon;-1;True
120.37197014400226;../arp-plugin/performance/test/predicates2_arp_enc.sil;carbon;-1;True
120.11989652299962;../arp-plugin/performance/test/predicates2_arp_enc.sil;carbon;-1;True
120.14304112900209;../arp-plugin/performance/test/predicates2_arp_enc.sil;carbon;-1;True
120.16781125300258;../arp-plugin/performance/test/predicates2_arp_enc.sil;carbon;-1;True
